Producto,Cantidad,Precio,Fecha
Almohada Ortopédica,25,1400,2025-10-22
Edredón Amici 6 pz,5,10500,2025-10-22
Cobija matrimonial mexicana,3,10555,2025-10-22
Edredón Amici 6 pz,5,10500,2025-10-24
Almohada Ortopédica,25,1400,2025-10-24
Edredón matri bordado Miel Home,1,8000,2025-10-24
Cobija matrimonial 3b,4,4000,2025-10-24
Mantel navideño,2,4000,2025-10-24
Sábana matriminial Amici,2,5500,2025-10-24
Escurridor de platos,1,10500,2025-10-24
Almohada Ortopédica,20,1400,2025-10-23
Edredón Amici 6 pz,2,10500,2025-10-23
Edredón matri bordado Miel Home,2,8000,2025-10-23
Cobija borrego,2,7600,2025-10-23
Cobija matrimonial 3b,2,4000,2025-10-23
Escurridor de platos,1,10500,2025-10-25
Edredón Amici 6 pz,5,10500,2025-10-25
Cobija matrimonial 3b,4,4000,2025-10-25
Sabana matrimonial variada,2,5500,2025-10-25
Mantel navideño,1,4000,2025-10-25
Almohada Ortopédica,35,1400,2025-10-25
Cortina tegal Lemond,2,6500,2025-10-25
Cortina argollas 2 pz,2,7000,2025-10-25
Edredón Amici 6 pz,4,10500,2025-11-04
Cortina navideña doble,1,7500,2025-11-04
Edredón full Adriana,4,11000,2025-11-04
Cobija matrimonial Samuka,3,6500,2025-11-04
Almohada Ortopédica,20,1400,2025-11-04
Almohada Ortopédica,55,1400,2025-11-13
Edredón matri bordado Miel Home,16,10500,2025-11-13
Almohada Ortopédica,20,1400,2025-11-11
Cobija matrimonial 3b,2,4000,2025-11-11
Edredón Lemond 9 pz,7,10540,2025-11-11
Almohada Ortopédica,20,1400,2025-11-12
Edredón matri bordado Miel Home,8,10450,2025-11-12
Cobija matrtimonial 3b,3,4000,2025-11-12
Cobija matrimonial 3b,1,4000,2025-11-13
Edredón matri bordado Miel Home,8,10450,2025-11-13
Almohada Ortopédica,20,1400,2025-11-14
Edredón matri bordado Miel Home,6,10450,2025-11-14
Cobija matrimonial 3b,4,4000,2025-11-14
Cobija borrego king,4,8500,2025-11-14
Forro sillón navideño,2,11000,2025-11-14
Alfombra lisa,1,7500,2025-11-14
Alfombra navideña,2,7000,2025-11-14
 Set navideño,2,3000,2025-11-14
Cobija full con fundas,2,8000,2025-11-14
